,Unnamed: 0,heading,website,code,status
0,0,Haus & Grund Essen Immobilien,http://www.hug-essen.de,200.0,OK
1,1,Kuptz und Kompagnon Immobilien GmbH,http://www.kuk-immo.de,200.0,OK
2,2,Absicherung Bewertung Vermittlung SCHRAHE Immobilien,http://www.schrahe-immobilien.de,200.0,OK
3,3,E-Punkt Immobilien GmbH R. Kranich,http://www.epunktimmobilien.com,200.0,OK
4,4,Kuptz und Kompagnon Immobilien GmbH,http://www.kuk-immo.de,200.0,OK
5,5,Özdemir Dr. Rebecca Immobilien,http://www.iv-oezdemir.de,403.0,OK
6,6,Hausverwaltung Privatgrund Sautner GmbH,http://www.privatgrund-sautner.de,200.0,OK
7,7,Immobilienmanagement Peveling-Schlüter,http://www.immobilienmanagement.ruhr,200.0,OK
8,8,GENO-IMMOBILIEN GMBH,http://www.genoimmoessen.de,200.0,OK
9,9,Claus Hebbelmann Immobilien,http://www.hebbelmann-immobilien.de,200.0,OK
10,0,Butz Immobilien,http://www.immobilien-butz.de,200.0,OK
11,1,Frühoff & Partner,http://www.zuhause-in-essen.ruhr,200.0,OK
12,2,Immobilien Schultheis,http://www.immobilien-schultheis.de,200.0,OK
13,3,MiG Immobilien GmbH,https://www.mig-nrw.de/,200.0,OK
14,4,"Gutachterbüro Storb, Ulrich Dipl.-Ing.",http://www.storb.ruhr,404.0,Not Found
15,5,Lehn Immobilien,http://www.lehn-immobilien.de/,200.0,OK
16,6,Prasst Immobilien GmbH,https://email.freenet.de/service/DomainNochKeinInhalt,200.0,OK
17,7,Dipl. -Kfm. Martin Kutzke,,404.0,Not Found
18,8,Brockhoff & Partner Immobilien GmbH Vermietung von gewerblichen Immobilien,http://www.brockhoff.de,200.0,OK
19,9,Frohn Immobilien GmbH,http://www.frohn-immobilien.de,200.0,OK
20,0,Haus & Grund Essen GmbH,http://www.hug-essen.de,200.0,OK
21,1,Haus & Grund Essen Immobilien,http://www.hug-essen.de,200.0,OK
22,2,Hebbelmann Claus Immobilien Grundstücksverwaltung,http://www.hebbelmann-immobilien.de,200.0,OK
23,3,Kutzke M.,,404.0,Not Found
24,4,Nising Immobilien GmbH,,404.0,Not Found
25,5,Privatgrund Sautner GmbH,http://www.privatgrund-sautner.de,200.0,OK
26,6,Schrahe Immobilien GmbH RDM Immobilienverkauf,http://www.schrahe-immobilien.de,200.0,OK
27,7,Heimatliebe Immobilien GmbH,https://www.heimatliebe-immobilien.de,200.0,OK
28,8,Heimatliebe Immobilien GmbH,https://www.heimatliebe-immobilien.de,200.0,OK
29,9,First Real Estate Partner Britta Hulsman und Sylvia Blume (GbR),http://www.first-real-estate-partner.de,200.0,OK
30,0,Sinnig Immobilien Immobilienberatung,http://www.sinnig-immobilien.de,200.0,OK
31,1,Wohntraumvermittler.de UG (haftungsbeschränkt),http://www.wohntraumvermittler.de,200.0,OK
32,2,myhouse management GmbH & Co. KG,http://www.myhouse-essen.de,200.0,OK
33,3,GENO IMMOBILIEN GmbH,http://www.genoimmoessen.de,200.0,OK
34,4,Engel & Völkers Immobilien Deutschland GmbH Immobilienagentur,http://www.engelvoelkers.de,200.0,OK
35,5,Hagelüken Ralf Immobilien,,404.0,Not Found
36,6,Kircheis Immobilien,http://www.kircheis-immobilien.de,404.0,Not Found
37,7,Lockowandt Christian Immobilienmakler,http://lockowandt-immobilien.de,200.0,OK
38,8,Lockowandt Immobilien,http://lockowandt-immobilien.de,200.0,OK
39,9,PRO IMMOBILIA Grundvermögen GmbH & Co. KG,http://www.proimmobilia24.com,200.0,OK
40,0,Bonna Marcus Immobilien,,404.0,Not Found
41,1,Stubba Immobilien Verwaltungs GmbH,http://www.stubba.de,200.0,OK
42,2,GENO IMMOBILIEN GmbH,http://www.genoimmoessen.de,200.0,OK
43,3,Postbank Immobilien GmbH  Oliver Eichler,https://immobilien.postbank.de/essen,200.0,OK
44,4,S Immobilien GmbH der Sparkasse Essen,http://www.sparkasse-essen.de/immobilien,200.0,OK
45,5,Ewald Projekt Consulting GmbH,http://www.ewaldrealestate.de,200.0,OK
46,6,Postbank Immobilien GmbH Jennifer Frank,http://www.postbank.de,200.0,OK
47,7,Hirschmann Immobilien GmbH,http://www.hirschmann-immobilien.de,200.0,OK
48,8,Schnecke Silvia Immob.,http://www.immobilien-schnecke.de,200.0,OK
49,9,Giershausen GmbH Immobilienbetreuung,http://www.giershausen.com/,200.0,OK
50,0,Hausmann Immobillien GmbH,http://www.hausmann-immobilien.de,200.0,OK
51,1,immoptimum HOME STAGING GbR,http://www.immoptimum.de,200.0,OK
52,2,Merz Helena Immobilien,http://www.merz-immobilien-essen.de,200.0,OK
53,3,Herkendell Friedrich Immob.,http://www.herkendell.net,200.0,OK
54,4,Herkendell Friedrich Immobilien,http://www.herkendell.net,200.0,OK
55,5,Lehn Immobilien,http://www.lehn-immobilien.de/,200.0,OK
56,6,Meissner & Vorwerk Immobilien,http://www.meissner-vorwerk-Immobilien.de,200.0,OK
57,7,Spering Brigitte,http://www.immobilien-brigittespering.de,200.0,OK
58,8,Spering Brigitte,http://www.immobilien-brigittespering.de,200.0,OK
59,9,WunschImmobilien Gisela Walschebauer Immobilien,http://www.wunschimmobilien-walschebauer.de,404.0,Not Found
60,0,WunschImmobilien Gisela Walschebauer Immobilien,http://www.wunschimmobilien-walschebauer.de,404.0,Not Found
61,1,45E Immobilien,http://45E-Immobilien.de,200.0,OK
62,2,BNP Paribas Real Estate GmbH,http://www.realestate.bnpparibas.de,200.0,OK
63,3,"Christina Brosch, SABINE TRIPP GbR",http://www.immobilien.tripp.de,404.0,Not Found
64,4,Falc Immobilien GmbH & Co. KG. Stephan Höpner,https://www.falcimmo.de/Immobilien-Essen-Sued.html,404.0,OK
65,5,Frick Immobilien Immobilien,http://www.carsten-frick.de,200.0,OK
66,6,Glückauf Immobilien,http://www.hug-konzept.de,200.0,OK
67,7,GOTTSCHLING Immobilien GmbH Hausverwalter,http://www.gottschling-immobilien.de,200.0,OK
68,8,Greyfield Real Estate GmbH,http://www.greyfield.de,200.0,OK
69,9,Grundstücksgesellschaft Kettwig mbH & Co. KG,http://www.ggk-essen.de,200.0,OK
70,0,GVA Graw Immobilien GmbH,http://www.gva-leipzig.de,200.0,OK
71,1,Henning Christian Immobilien,http://www.henningimmobilien.de,200.0,OK
72,2,Inter-Wohnungen UG (haftungsbeschränkt),http://www.inter-wohnungen.de,200.0,OK
73,3,Interlodge© UG (haftungsbeschränkt),http://www.interlodge.info,200.0,OK
74,4,Karisma Immobilienservice,http://www.karisma-is.de,200.0,OK
75,5,Karl Hupe Stiftung Wohnungsunternehmen,http://www.karl-hupe-stiftung.de,200.0,OK
76,6,Knoblauch Immobilien,http://www.knoblauch-immobilien.de,200.0,OK
77,7,M+W Immobiliengesellschaft mbH,http://www.mwimmobilien.de,200.0,OK
78,8,Manske und de Vries GbR,http://www.manskedevries.de,200.0,OK
79,9,pantera Living Köln GmbH,http://www.nrw-sothebysrealty.com,200.0,OK
80,0,RKI Verwaltungsgesellschaft mbH,http://www.rki-essen.de,200.0,OK
81,1,RUHR IMMOBILIEN GMBH Immobilienmakler,http://www.ruhr.info,200.0,OK
82,2,"Schwab, Klaus Immobilien RDM",http://www.schwab-immobilien.de,200.0,OK
83,3,Thelen Holding GmbH,http://www.thelen-gruppe.de,200.0,OK
84,4,Thelen Holding GmbH,http://www.thelen-gruppe.de,200.0,OK
85,5,Thelen Immobilien Management GmbH,http://www.thelen-gruppe.de,200.0,OK
86,6,Tschangizian Cora Tschangizian Homestaging,http://www.tschangizian-homestaging.de,200.0,OK
87,7,acasa GmbH Immobilienprojektentwicklung,http://www.bauinform-essen.de,404.0,Not Found
88,8,Alexanderpark GmbH,http://www.alexanderpark.de,200.0,OK
89,9,ASSR Immobilien GmbH,http://www.realestateonet.com,406.0,OK
90,0,B & B Immobilien GmbH,http://www.db-bau.de,200.0,OK
91,1,Becker Jutta,http://www.jb-e.de,200.0,OK
92,2,Birken Immobilien Immobilienmaklerin,http://www.birken-immobilien.de,200.0,OK
93,3,Boehler Immobilien GmbH,http://www.boehler-gruppe.de,200.0,OK
94,4,Brinkmann H. Immobilen,http://www.immobilien-brinkmann.de,200.0,OK
95,5,Broghammer Bernd Dipl.-Ing. (FH),http://www.intectura.de,404.0,Not Found
96,6,Budde-Immobilien David Marvin Budde,http://www.immobilien-budde.de,200.0,OK
97,7,"Convido Immobilien, Inh. Tim Förster",http://www.convido.immobilien,200.0,OK
98,8,Croperto KG,http://www.croperto.com,404.0,Not Found
99,9,Cubion Immobilien AG Niederlassung Essen,http://www.cubion.de,200.0,OK
100,0,Dritte Ruhrstadt Grundbesitz GmbH & Co KG Immobilien,http://www.ruhrstadt-grundbesitz.de,403.0,OK
101,1,Ebert GmbH & Co. KG,http://www.zeche-bonifacius.de,200.0,OK
102,2,Engel & Völkers Gewerbeimmobilien Rheinland GmbH & Co.KG Immobilien,http://www.engelvoelkers.com,200.0,OK
103,3,Eusterbrock GmbH & Co. KG Immobilienverwaltung,http://www.targetmail.de,200.0,OK
104,4,"Gassmann GmbH & Co. KG, Karl Fr.",http://www.kennedyplatz6.de,200.0,OK
105,5,GfI Gesellschaft für Immobilienkonzepte mbH,http://www.bonität-online.com,200.0,OK
106,6,Girardethaus Gebäudeverwaltungs GmbH Immobilienverwaltung,http://www.dasgirardethaus.de,200.0,OK
107,7,Goymann & Görgen GbR quadrat 2,http://www.quadrat-2.de,200.0,OK
108,8,Grips Immobilien-Vermittlung,http://www.grips-immobilien.de,200.0,OK
109,9,Groß Immobilien,http://www.gross-immobilien.de,200.0,OK
110,0,Gründerzentrumgesellschaft Prosper III mbH,http://www.gruenderzentrum-prosper.de,200.0,OK
111,1,Heinrich Paas GmbH & Co. KG,http://www.heinrich-paas.de,200.0,OK
112,2,Helmchen Frank Immobilienbüro,http://www.helmchen-immobilien.de,200.0,OK
113,3,HomeCompany Services GmbH,http://www.essen.homecompany.de,200.0,OK
114,4,HouseConcept e.K. Uwe Pastoors Immobilienbüro,http://www.houseconcept.de,200.0,OK
115,5,Hüsch Immobilien Bastian Hüsch,http://www.huesch-immobilien.de,200.0,OK
116,6,IKG Immobilien Kellner GmbH,http://www.ikg-essen.de,404.0,Not Found
117,7,Immo-Tec GmbH,http://www.immo-tec-gmbh.de,404.0,Not Found
118,8,Immo2you GmbH,http://www.imofin.de,200.0,OK
119,9,Immobilien Expertise GmbH,http://www.hypessen.de,404.0,Not Found
120,0,ImmoStore GmbH,http://www.immostore-immobilien.de,200.0,OK
121,1,iSERMANN Immobilien GmbH,http://www.isermann.immobilien,200.0,OK
122,2,JM Immobilienverwaltung GmbH Immobilienverwaltung,http://www.jm-immobilienverwaltung.de,200.0,OK
123,3,KAISER IMMOBILIEN GmbH,http://www.home.immobilienscout24.de/27Htg,404.0,Not Found
124,4,Kaiser-Kälte GmbH,,404.0,Not Found
125,5,Kaiser Kälte GmbH,,404.0,Not Found
126,6,Kaminski Immobilien Service GmbH Immobilienbüro,http://www.kaminski-essen.de,404.0,Not Found
127,7,Kempe Immobilien e.K. Immobilienberatung,http://www.kempe.de,200.0,OK
128,8,Kirchner Mahlstedt Immobilien,https://kirchner-immobilien.com/,200.0,OK
129,9,Kirchner Mahlstedt Immobilien,https://kirchner-immobilien.com/,200.0,OK
130,0,Kloss Peter Immob.,http://www.kloss-immo-essen.de,200.0,OK
131,1,Kruck Immobilien,http://www.kruck-immobilien.de,200.0,OK
132,2,Kuptz- und Kompagnon Immobilien GmbH,http://www.kuk-immo.de,200.0,OK
133,3,Kuptz- und Kompagnon Immobilien GmbH,http://www.kuk-immo.de,200.0,OK
134,4,La Casa Immobilien GmbH,http://www.lacasa.de,200.0,OK
135,5,Lindner Immobilien,http://www.lindner-immobilien.net,200.0,OK
136,6,"Lindner Immobilien, Inh. Jörg Lindner",http://www.lindner-immobilien.net,200.0,OK
137,7,Lochner Immobilien GmbH & Co. KG,http://www.lochner-kg.de,200.0,OK
138,8,mbi RUHR ESTATE GmbH,http://www.mbi-re.eu,200.0,OK
139,9,NATIONAL-BANK Immobilien GmbH,http://www.nb-i.de,200.0,OK
140,0,Nengelken Christoph Immobilienverwaltung,http://www.immo-nengelken.de,200.0,OK
141,1,Olbrück Nicole Immobilien-Services,http://www.immobilien-olbrueck.de,200.0,OK
142,2,Ottmann Immob.,http://www.immobilien-ottmann.de,403.0,OK
143,3,Placida Portalis Asset Management GmbH,http://www.placidaportalis.de,200.0,OK
144,4,PlanetHome AG Immobilien,http://www.planethome.de,200.0,OK
145,5,Plückelmann Hannelore Immobilien,http://www.plueckelmann.com,404.0,Not Found
146,6,Post Rainer Immob.-Kfm.,http://www.rainerpost.de,200.0,OK
147,7,Pro Casa Immobilien GmbH,http://www.pro-casa.com,200.0,OK
148,8,PRO CASA Immobilien GmbH Herr Christian Kirchholtes Herr Heiko Kirschstein,http://www.pro-casa.com,200.0,OK
149,9,Projekt Invest GmbH Immobilienbüro,http://www.etec.de,200.0,OK
150,0,Projekt Invest GmbH Immobilienbüro,http://www.etec.de,200.0,OK
151,1,R + Z Immobilien GmbH Immobilien,http://www.r-z-immobilien.de,200.0,OK
152,2,RAG Montan Immobilien GmbH,http://www.rag-montan-immobilien.de,200.0,OK
153,3,Rasch GmbH Inh. Corinna Spiess Immobilienagentur,http://www.rasch-immobilien.de,200.0,OK
154,4,Rathgeber Immobilien GmbH,http://www.rathgeber-immobilien.de,200.0,OK
155,5,Raves Alexander Immobilienagentur,http://www.raves-immobilien.de,200.0,OK
156,6,RE/MAX Immobilien Essen Immobilienfranchisor,http://www.polat-group.de/,200.0,OK
157,7,REMO Immobilien GmbH Immobilienverwaltung,http://www.remo-immobilien.de,200.0,OK
158,8,Rona Immobilien GmbH,http://www.rona-immo.de,403.0,OK
159,9,Rosenberger Immobilien,http://www.sabine-rosenberger.de,200.0,OK
160,0,Rossig + Partner Arbeitsgemeinschaft Immobilienvermittlung,http://www.rossig-partner.de,200.0,OK
161,1,Ruhrfabrik Unternehmensgruppe,http://www.krell.de,403.0,OK
162,2,Schimbke Immobilien Beratung u. Verkauf Immobilienberatung,http://www.schimbke-immobilien.de,200.0,OK
163,3,SL Immobilien GmbH,http://www.bahnhof-hoesel.de,404.0,Not Found
164,4,Stadthaus Kg van Megen Immobilien Reinhold,http://www.vanmegen.de,200.0,OK
165,5,SW-Immobiliengesellschaft mbH Immobilienhandel,http://www.schulte-sohn.net,404.0,Not Found
166,6,Tectareal Property Management GmbH,http://www.tectareal.de,200.0,OK
167,7,TRI-Invest Immobilien GmbH & Co.KG,http://www.tri-invest.de,200.0,OK
168,8,TRI-Invest Immobilien GmbH & Co.KG,http://www.tri-invest.de,200.0,OK
169,9,van der Meulen Immobilien GmbH,http://www.vandermeulen.de,200.0,OK
170,0,Visionautovermietung-Reisen Autovermietung,http://www.vision-autovermietung.de,200.0,OK
171,1,Viterra Development GmbH,http://www.viterra-gewerbeimmobilien.de,200.0,OK
172,2,Walterscheidt Bettina Dipl.-Kauffrau Immobilienverwaltung,http://www.info-walterscheidt.de,404.0,Not Found
173,3,Welk Alex Immobilienmaklerbüro,http://www.euc-immobilien.de,404.0,Not Found
174,4,Weymann Immobilien,http://www.weymann-immobilien.de,200.0,OK
175,5,Wohnglück Immobilienservice GmbH,http://www.wohnglueckimmobilien.com,200.0,OK
176,6,Wohnkontor GmbH Immobilien,http://www.wohnkontor-gmbh.de,200.0,OK
177,7,WOHNWERK VIKTORIA UG (haftungsbeschränkt),http://www.wohnwerkviktoria.promakler24.de,404.0,Not Found
178,8,7islands,http://www.home7islands.com,404.0,Not Found
179,9,"AbacO Immobilien Essen, Kampschulte Britta Dipl.-Ing.",http://www.abaco-essen.de,200.0,OK
180,0,Aic Essen Walther Arens,http://www.aic-essen.de,200.0,OK
181,1,Arganpflege vertreten durch Wolfgang Breker,http://www.arganpflege.de,200.0,OK
182,2,ATI Immobilien GmbH,http://www.schnellsuchen.net,404.0,Not Found
183,3,Barbara Battista Landlord Immobilien,http://www.landlord-immobilien.de,200.0,OK
184,4,BARS GmbH,http://www.mithatbars.com/,200.0,OK
185,5,Behrens Renate Immobilien,http://www.katja-goymann.de,200.0,OK
186,6,Beier Immobilien GmbH Immobilienmakler,http://www.beier-immobilien.com,200.0,OK
187,7,BOND Immobilien Alex Bondarenko,http://www.bond-immobilien.de,200.0,OK
188,8,Carsanbali Ismail,http://www.agentur-ekosten.de,404.0,Not Found
189,9,Casa Consult Ulrich Kalbhenn GbR Bettina Wunderlich,http://www.casa-consult-immobilien.de,404.0,Not Found
190,0,Commerz Building and Management GmbH,http://www.commerzbuilding.de,200.0,OK
191,1,CORVIS Immobilien Management GmbH,http://www.im.corvis.org,200.0,OK
192,2,DB Immobilien GmbH,http://www.bahnliegenschaften.de,200.0,OK
193,3,DCI Deutsche Capital Immobilien GmbH,http://www.dcimmo.de,200.0,OK
194,4,DDS Conferencing & Catering GmbH -Firstchoice Business Center-,https://www.firstchoicebc.de/,403.0,OK
195,5,DUGEL IMMOBILIENPARTNER Knut Dugel,http://www.dugel-immobilien.de,200.0,OK
196,6,Endemann Gewerbeimmobilien Inhaber Konstanze Endemann,http://www.endemann-immobilien.de,200.0,OK
197,7,Fabregat Immobilien und Management GmbH,http://www.fabregat-immobilien.de,404.0,Not Found
198,8,FAKT. AG,http://www.fakt-ag.de,200.0,OK
199,9,FAKT Financial Services AG,http://www.fakt-ag.de,200.0,OK
200,0,FAKT Immobilien AG,http://www.fakt-ag.de,200.0,OK
201,1,Fortuna Immobilien VersicherungenFinanzen,http://www.immobilien-fortuna.de,200.0,OK
202,2,Gewerbepark Ernestine Projektgesellschaft mbH,http://www.weinkellerei-hammacher.de/,200.0,OK
203,3,GFI-Süd GmbH,http://www.gfi-sued.de,200.0,OK
204,4,Global-Property-Solutions Ltd.,http://www.bankenverwertung-spanien.de,404.0,Not Found
205,5,Global-Property-Solutions Ltd.,http://www.bankenverwertung-spanien.de,404.0,Not Found
206,6,Glück Auf Immobilien GmbH,http://www.glueck-auf-immobilienprojekte.de,200.0,OK
207,7,Gritzo Christiane Imobilienbüro,http://www.immobilienbuero-essen.de,200.0,OK
208,8,Gröll-Dinu Frank,http://www.groell-dinu.de,200.0,OK
209,9,Großmann Immobilien-Consult GmbH,http://www.andersen-haus.de,200.0,OK
210,0,Großmann Immobilien-Consult GmbH,http://www.andersen-haus.de,200.0,OK
211,1,Großmann Immobilien-Consult GmbH,http://www.andersen-haus.de,200.0,OK
212,2,Großmann Immobilien-Consult GmbH,http://www.andersen-haus.de,200.0,OK
213,3,Grünstäudl & Partner Immobilien Dirk Grünstäudl,http://www.gup.immobilien,200.0,OK
214,4,Gub Immobilien und - Versicherungsfachmann BWV,http://www.gub-immobilien.info,404.0,Not Found
215,5,GUYENZ Immobilien Inhaberin Corinna Guyenz,http://www.guyenz-immobilien.de,200.0,OK
216,6,GUYENZ Immobilien Inhaberin Corinna Guyenz,http://www.guyenz-immobilien.de,200.0,OK
217,7,GWS Immobilien GmbH Agentur für Immobilien,http://www.deutsche-wohnen.com/html/gsw.php,404.0,OK
218,8,Hausverwaltung Klinkemeyer Immobilienagentur,http://hausverwaltung-klinkemeyer.de,404.0,Not Found
219,9,HT-Immobilien-Tekath Projektentwicklung,http://www.ht-immobilien-essen.de,200.0,OK
220,0,HT-Immobilien-Tekath Projektentwicklung,http://www.ht-immobilien-essen.de,200.0,OK
221,1,IGI Immobilienverwaltung GmbH,http://www.igt-hausverwaltung.de,200.0,OK
222,2,Immobilien & Finanzierungen Thomas Lindenau & Partner,http://www.immobilien-und-finanzierungen.eu,404.0,Not Found
223,3,Immobilien GbR · Krebs Michael Krebs,http://www.invest-gbr.de,200.0,OK
224,4,Immobilien Hans-Gernot Deckers,http://www.deckers-management.de,404.0,Not Found
225,5,Immobilien J. Tirier Jutta Tirier-Vößing,http://www.immo-tirier.de,200.0,OK
226,6,Immobilien-Projekt GmbH Am Rüttenscheider Stern,http://www.rue-karree.de,403.0,OK
227,7,Immobilien-Projekt GmbH Am Rüttenscheider Stern,http://www.rue-karree.de,403.0,OK
228,8,Immobilien Uhlenbruck - Bernhard Uhlenbruck e.K.,http://www.immo-uhlenbruck.de,200.0,OK
229,9,"Immobilien-Vermittlung, Gebr. Kürschner GmbH Immobilien-Betreuungs-Service",http://www.immobilien-betreuungs-service.de,200.0,OK
230,0,Immobilienbüro Neukirchen,http://www.ib-neukirchen.de,200.0,OK
231,1,Immobilienservice Sparrer UG (haftungsbeschränkt),http://www.immosparrer.de,200.0,OK
232,2,IMOS Immobilienmanagement Oliver Schuchtmann,http://www.imos-immobilienmanagement.com,200.0,OK
233,3,IV Reis Immobilienverwaltung Andrea Reis,http://www.iv-reis.de,200.0,OK
234,4,König Service Management GmbH Grundstücks- und Wohnungswesen,http://www.ksm-essen.de,200.0,OK
235,5,Kron Michael Immobilien,http://www.wohnstadt-essen.de,403.0,OK
236,6,Land und Eigenheim GmbH,http://www.landundeigenheim.de,200.0,OK
237,7,Landlord Immobilien - Barbara Battista,http://www.landlord-immobilien.de,200.0,OK
238,8,LIVING SPACE GmbH,http://www.livingspacegmbh.de,200.0,OK
239,9,Liwon Real Estate GmbH,http://www.liwon.de,200.0,OK
240,0,Maier Christine Immobilienverwaltung,http://www.christine-maier.de,200.0,OK
241,1,Meyenberg Immobilien Management Immobilienagentur,http://www.whg-immobilien.de,200.0,OK
242,2,Meyenberg Immobilien Management Immobilienagentur,http://www.whg-immobilien.de,200.0,OK
243,3,Münch Andrea Immobilienmaklerin,https://www.muench-immobilien.de,200.0,OK
244,4,Niermann GmbH & Co. KG,http://www.niermann-karree.de,200.0,OK
245,5,Oesterwind Immobilien e.K.,http://www.oesterwind-immobilien.de,200.0,OK
246,6,Only99Days,http://www.only99days.com,404.0,Not Found
247,7,Pasztor Stefan Zwangsverwaltung Zwangsverwalter,http://www.rdm-essen.de,200.0,OK
248,8,PBI GmbH,http://www.pbi-mh.de,200.0,OK
249,9,Pfeifer Harald,http://www.pfeifer-immobilien.com,200.0,OK
250,0,Plancontract Immobilien GmbH,http://www.plancontract.de,200.0,OK
251,1,Planen Bauen Wohnen Immobilien + Projektmanagement,http://www.pbw-bochum.de,200.0,OK
252,2,Proceed Portfolio Services GmbH,http://www.portfolio-services.de,200.0,OK
253,3,"ProImmobilia Verwaltungsgesellschaft für Haus- und Grundbesitz mbH, Büro Essen Hausverwaltung",http://www.proim.de/,200.0,OK
254,4,Puzzles Immobilien GmbH,http://www.puzzles-immobilien.de.tl,404.0,Not Found
255,5,QSG Immobilien GmbH,http://www.qsg-immobilien.de,200.0,OK
256,6,Quadt Immobilien Grundstücks-u. Häusermakler,http://www.immobilien-quadt.com,404.0,Not Found
257,7,R.E.S. Retail Estate Services R. Kamp,http://www.res-immobilien.de,200.0,OK
258,8,RALPHHAGEDORN GmbH - Estate of the Art,http://www.ralphhagedorn.de,200.0,OK
259,9,RdB Trade & Finance GmbH,http://www.rdb-real-estate.com,200.0,OK
260,0,RDH Immobilien oHG Immobilienmakler,http://www.rdh-immobilien.de,403.0,OK
261,1,RINNE IMMOBILIEN,http://www.rinne-immobilien.de,200.0,OK
262,2,Rossig Immobilien GmbH & Co. KG,http://www.rossig-partner.de,200.0,OK
263,3,Rrio Essen,http://www.rrio-essen.de,404.0,Not Found
264,4,RÜ-Immobilien Petra Raulf,http://www.rue-immobilien.de,200.0,OK
265,5,Santos Castle Leonel da Cruz Santos Immobilien & Projektmanagement,http://www.santos-castle.de,200.0,OK
266,6,Scherer M.Sc. REM + CPM Dennis,http://www.archunlimited.de,200.0,OK
267,7,"Schmidt GbR, Immobilienverwaltung Bernhard Schmidt",http://www.akblog.de,200.0,OK
268,8,SELECT immobilien Helmut Mertens,http://www.select-essen.de,404.0,Not Found
269,9,Serences Immobilien,http://www.serences.de,200.0,OK
270,0,STERZING IMMOBILIEN André Sterzing,http://www.sterzing-immobilien.de,200.0,OK
271,1,STERZING IMMOBILIEN André Sterzing,http://www.sterzing-immobilien.de,200.0,OK
272,2,Terrawest -Immobilien,http://www.terrawest.de,403.0,OK
273,3,TST-Management Inh. Mladen Tomasevic,http://www.tst-touristik.de,200.0,OK
274,4,UNT Group GmbH,http://www.metal-group.de,200.0,OK
275,5,van Marwick & Partner,http://www.vmp-immobilien.de,200.0,OK
276,6,VIATEC Dienste GmbH,http://www.viatecta.de,200.0,OK
277,7,we-Immobilien,http://www.we-immobilien.de,200.0,OK
278,8,Wiencke Immobilien- und Handelsgesellschaft mbH,http://www.wiencke.de,200.0,OK
279,9,wirvermietendeineimmobilie.de,https://www.wirvermietendeineimmobilie.de/,404.0,Not Found
280,0,wirvermietendeineimmobilie.de,https://www.wirvermietendeineimmobilie.de/,404.0,Not Found
281,1,Wohnberatung individuell Tenbergen Ursula,http://www.wohnberatung-individuell.de,404.0,Not Found
282,2,Haus + Wohnen Immobiliengesellschaft,http://www.hwe-immobilien.com,200.0,OK
283,3,Haus + Wohnen Immobiliengesellschaft,http://www.hwe-immobilien.com,200.0,OK
284,4,Insolva Christian Nellen Immobilien,http://www.insolva.de,200.0,OK
285,5,SM Immobilien - Kemmerling Andre,,404.0,Not Found
286,6,Alba Grundstücksverwaltung GmbH Haus- und Grundstücksverwaltung,,404.0,Not Found
287,7,Andersen & Tilch Grundvermögen AG,http://www.andersen-hotels.de,404.0,Not Found
288,8,Eugen Lehmkühler GmbH Immobiliendienstleistungen,,404.0,Not Found
289,9,Ideal Marketing GmbH Agentur für Immobilien,http://idealmarketinggmbh.de,404.0,Not Found
290,0,Neufert Wolfram Consultant,,404.0,Not Found
291,1,"Schulz, Heidrich Immobilien",,404.0,Not Found
292,2,Wloka Immobilien-Verwaltung GmbH,http://www.wloka-immobilien.de,404.0,Not Found
293,3,AREA Immobilien GmbH,,404.0,Not Found
294,4,Bauer Heinz Immobilien,,404.0,Not Found
295,5,COMUNITHY Wohnimmobilien GmbH Immobilienunternehmen,,404.0,Not Found
296,6,Domicil Generalunternehmung Immobilienbüro,,404.0,Not Found
297,7,H&H Hütter Immobilien- und Verwaltungsgesellschaft mbH Immobilienmakler,,404.0,Not Found
298,8,IMODOM GmbH,,404.0,Not Found
299,9,Makler Essen Maklerbüro für Immobilien,,404.0,Not Found
300,0,Maraton KG,,404.0,Not Found
301,1,RONA Immobilien GmbH Agentur für Immobilienmanagement,,404.0,Not Found
302,2,Schulz Egon Immobilienverwaltung,,404.0,Not Found
303,3,Wilcke Immobilien GmbH,,404.0,Not Found
304,4,Petra Kuptz und Kompagnon Immobilien GmbH,http://www.kuk-immo.de,200.0,OK
305,5,Baumbach Hans-W. Immob.,,404.0,Not Found
306,6,beos-net,,404.0,Not Found
307,7,beos-net,,404.0,Not Found
308,8,Bösener Gerda Immobilien,,404.0,Not Found
309,9,D + Z Gesellschaft für Immobiliendienstleistungen mbh,,404.0,Not Found
310,0,"Dr. Koch & Partner, acasa GmbH",,404.0,Not Found
311,1,Geppert Immobilien GmbH,,404.0,Not Found
312,2,Godehardt Sylvia Immobilien,,404.0,Not Found
313,3,Gördemann G. Immobilien Hausverwaltung,,404.0,Not Found
314,4,Haakshorst Immobilien,,404.0,Not Found
315,5,HGW Enterprises LTD,,404.0,Not Found
316,6,Hildebrandt Hartmut Immobilien,,404.0,Not Found
317,7,Immobilien Frank Jordan Immobilienmarkler,,404.0,Not Found
318,8,Jordan Immobilien Frank,,404.0,Not Found
319,9,Krüger Helmut Immobilien,,404.0,Not Found
320,0,Müller Wolfgang Immobilien Projektmanagement,,404.0,Not Found
321,1,Nising Immobilien GmbH,,404.0,Not Found
322,2,Pischel Erika Immobilien,,404.0,Not Found
323,3,PlanImmobilien UG,,404.0,Not Found
324,4,Quartus G GmbH,,404.0,Not Found
325,5,Real Projekt Immobilienbetreuungsgesellschaft mbH,,404.0,Not Found
326,6,Reibeholz Immobilien,,404.0,Not Found
327,7,Reibeholz Immobilien,,404.0,Not Found
328,8,Schäfer Karl-Michael Immobilienbüro,,404.0,Not Found
329,9,Sinnig-Immobilien Immobilienvertrieb,,404.0,Not Found
330,0,Steinbauer Günter Immobilien,,404.0,Not Found
331,1,Terra Consult Immobilien GmbH Wolfgang Koppmann,,404.0,Not Found
332,2,White Tree,,404.0,Not Found
333,3,WIMMO WallhornŽs Immobilien-Management,,404.0,Not Found
334,4,Wittrock B. Immobilien,,404.0,Not Found
335,5,Wohn Niveau Immobilien GmbH,,404.0,Not Found
336,6,Zeisberg Heinz-Peter Bauingenieur und Immobilien,,404.0,Not Found
337,7,Anaxa Wohnen GmbH,https://www.anaxa-wohnen.de,403.0,OK
338,8,hausCARD GROUP GmbH,http://www.hauscard-group.de,200.0,OK
339,9,IMOCARE Immobilienservice GmbH,http://www.imo-care.de,200.0,OK
340,0,Margarethe Krupp-Stiftung für Wohnungsfürsorge,http://www.margarethe-krupp-stiftung.de,200.0,OK
341,1,mfi manAGement für immobilien AG,http://www.mfi-online.de,404.0,Not Found
342,2,Blum Immobilien,https://www.immo-blum.de,200.0,OK
343,3,Brick Spaces GmbH,http://www.popup-radar.com,200.0,OK
344,4,Citytower Essen,http://www.city-tower-essen.de,200.0,OK
345,5,Core Immobilien Management GmbH,http://www.coreimmobilien.com,200.0,OK
346,6,CRANEREST e.K.,http://www.cranerest.de.tl,404.0,Not Found
347,7,CSI Immobilien Evelyn Cramer-Seidel,http://www.csi-immobilien.de,200.0,OK
348,8,Cube Deutschland Peter Löbbert,http://www.cube-deutschland.de,200.0,OK
349,9,Heid Immobilienbewertung Essen,https://www.heid-immobilienbewertung.de/Essen/,200.0,OK
350,0,Home & Invest e.K. Melanie Azzolino,http://www.541017.flowfact-sites.net,404.0,Not Found
351,1,Hort Klaus Immobilienmakler,http://www.immobilien-hort.de,403.0,OK
352,2,IMMOBILIEN WIEGAND Nadine Wiegand,http://www.immobilien-wiegand.de,200.0,OK
353,3,Immobilienmakler Essen Schneider,https://immobilienmakler-essen.net/,200.0,OK
354,4,Instone Real Estate Grouß N.V.,http://www.instone.de,200.0,OK
355,5,"klaus & sohn immobilien GbR Dieter Klaus, Meik Klaus",http://www.klaus-unternehmensgruppe.de,200.0,OK
356,6,Kötter Anke,http://www.koetter-nuernberger.de,200.0,OK
357,7,Lahmer ImmoExpert Sandra,http://www.immoexpert24.net,200.0,OK
358,8,MASALSEE Verwaltungs GmbH,http://www.masalsee.com,200.0,OK
359,9,möblierte Wohnung Heymann Reinold,http://www.möblierte-wohnung-essen.de,404.0,Not Found
360,0,PLACKMANN IMMOBILIEN Herr Rainer Plackmann,http://www.plackmann-immobilien.de,404.0,Not Found
361,1,projekt 2 IMMOBILIEN UG (haftungsbeschränkt),http://www.projekt2-immobilien.de,200.0,OK
362,2,"Rhein-Ruhr Zinshaus GbR Benjamin Becker, Norman Tlili",http://www.rheinruhr-zinshaus.de,200.0,OK
363,3,Tenbergen Jochen,http://www.jft-immobilien.com,200.0,OK
364,4,Wierig Immobilien GmbH,https://www.wierig.eu,200.0,OK
365,5,Wohngefühl-Immobilien Heike Langenkamp,http://www.wohngefuehl-immobilien.de,200.0,OK
366,6,"Becker & Thelen Immobilien GbR Horst Becker, Christian Thelen",http://www.becker-thelen.de,503.0,OK
367,7,Jones Lang LaSalle SE,https://www.jll.de/de/staedte/rhein-ruhr,200.0,OK
368,8,Noblia Select Immobilienbewertung,http://www.noblia-select.com,200.0,OK
369,9,Betec GmbH,,404.0,Not Found
370,0,Born Hubert GmbH & Co.,,404.0,Not Found
371,1,Eugen Lehmkühler GmbH,,404.0,Not Found
372,2,GoTo Real Estate GmbH,,404.0,Not Found
373,3,Grabow Silvia,,404.0,Not Found
374,4,IVI GmbH,,404.0,Not Found
375,5,Kron Michael,,404.0,Not Found
376,6,Morgenroth Immobilien GmbH An- und Verkauf,,404.0,Not Found
377,7,Niermann GmbH & Co KG,,404.0,Not Found
378,8,Thelen Verwaltungs GmbH,,404.0,Not Found
379,9,WF Immobilien u. Hausverwaltung Wolfgang Franke,,404.0,Not Found
380,0,Wolfgang Tullius Immobilien,http://www.tullius.de,200.0,OK
381,1,Praast Immobilien GmbH,,404.0,Not Found
382,2,Hausverwaltung Rhein-Ruhr GmbH,http://hausverwaltung-rhein-ruhr.de,200.0,OK
383,3,Karsten Michael Gröll ASDI Hausverwaltung,http://www.asdi.de,200.0,OK
384,4,SMP Ruhr-Immobilien UG (haftungsbeschränkt),http://www.smp-ruhr-immobilien.de,200.0,OK
385,5,RICKERS Malerbetrieb GmbH & Co. KG,https://www.maler-rickers.de/,200.0,OK
386,6,domum 2 GmbH,https://www.domum-immobilien.de,200.0,OK
387,7,E.K. Ärztezentrum Hohenlind GmbH,http://www.jahnvv.de,200.0,OK
388,8,KK36 GmbH & Co. KG,http://www.koelbl-kruse.de,200.0,OK
389,9,RUHR REAL GmbH,http://ruhr-real.de,200.0,OK
390,0,Tectareal Premium GmbH,http://www.tectareal.de,200.0,OK
391,1,Two Peak GmbH,http://twopeak.de,200.0,OK
392,2,ASIA-WELLNESS-Center UG (haftungsbeschränkt),http://asia-massage-essen.de,403.0,OK
393,3,M2L2 GmbH & Co. KG,http://www.m2l2.de,200.0,OK
394,4,Stefanie Rodenbüsch-Koßke Immobilienverwaltung,http://www.rodenbuesch-immobilien.de,200.0,OK
395,5,emo Planen & Bauen GmbH,http://www.emo-pb.de,200.0,OK
396,6,GREYFIELD Düsseldorf Objekt I GmbH,http://www.greyfield.de,200.0,OK
397,7,Greyfield Investment GmbH,http://www.greyfield.de,200.0,OK
398,8,Greyfield Services GmbH,http://www.greyfield.de,200.0,OK
399,9,HOPF Immobilienentwicklungsgesellschaft mbH & Co. KG,http://www.hopf-ieg.de,200.0,OK
400,0,ImmoCare GmbH,http://www.immocare.info,200.0,OK
401,1,Instone Real Estate Development GmbH,http://www.instone.de,200.0,OK
402,2,Instone Real Estate Erste Projektbeteiligungs GmbH & Co. KG,http://www.instone.de,200.0,OK
403,3,Juno Grundbesitz Düsseldorf GmbH,http://www.drsmail.de,200.0,OK
404,4,JVV Projekt Marl-Sinsen GmbH,http://www.jahnvv.de,200.0,OK
405,5,Kesselhaus Leverkusen GmbH,http://www.greyfield.de,200.0,OK
406,6,KK Freiheit 1 GmbH & Co. KG,http://www.k-k-p.de,200.0,OK
407,7,KK20 GmbH & Co. KG,http://www.k-k-p.de,200.0,OK
408,8,KK7 GmbH & Co. KG,http://www.koelblkruse.de,200.0,OK
409,9,KWM-Vermögensverwaltungs GmbH,http://www.kwm-essen.de,502.0,OK
410,0,LDR Düsseldorf Zwei GmbH & Co. KG,http://www.list-gruppe.de,200.0,OK
411,1,List Develop Residential GmbH & Co. KG,http://www.list-gruppe.de,200.0,OK
412,2,Marienfeld Familiengesellschaft mbH & Co. KG,http://www.marienfeld.de,200.0,OK
413,3,Mauerstraße 86-88 Berlin GmbH & Co. KG,http://www.hotel-burgcafe.de,403.0,OK
414,4,Rü 62 GmbH & Co. KG,http://www.das-muellers.de,200.0,OK
415,5,RWTÜV Grundstücksverwaltungs-GmbH,http://www.rwtuev.de,200.0,OK
416,6,TÜV NORD Immobilien GmbH & Co. KG,http://www.tuev-nord.de,200.0,OK
417,7,Welterbe II Entwicklungsgesellschaft mbH & Co. KG,http://www.k-k-p.de,200.0,OK
418,8,Wohnen Ruhr West GmbH,http://www.wohnen-ruhr-west.de,200.0,OK
419,9,Andrea Seidler-Krawinkel Hausverwaltung Andrea Seidler-Krawinkel,http://www.hv-seidler-krawinkel.de,200.0,OK
420,0,Greyfield Management GmbH,http://www.greyfield.de,200.0,OK
421,1,Özer Kacir Vermietungspoint Rheinhausen,http://www.kacir-immobilien.de,503.0,OK
422,2,Christoph Ruhrmann und Stephan Speckbruck Vermietungsgesellschaft,,404.0,Not Found
423,3,Conductor 4 UG (haftungsbeschränkt),,404.0,Not Found
424,4,FZ Borgmann Immobilien GmbH & Co. KG,,404.0,Not Found
425,5,Geisler Uhlenbruch Mannebach oHG,,404.0,Not Found
426,6,GRC German Real Estate Corporation GmbH,,404.0,Not Found
427,7,JABO Grundstücksentw.ges. Gewerbegebiet Freudenbergstraße GmbH & Co. KG,,404.0,Not Found
428,8,JABO Langemarckstraße 32 Essen GmbH & Co. KG,,404.0,Not Found
429,9,Knappmann Immobilien GmbH & Co. KG,,404.0,Not Found
430,0,MS 85 UG (haftungsbeschränkt),,404.0,Not Found
431,1,Objekt LBG Integrationsmodell UG (haftungsbeschränkt) & Co. KG,,404.0,Not Found
432,2,Objektgesellschaft Kopstadtplatz Essen UG (haftungsbeschränkt) & Co.,,404.0,Not Found
433,3,PI Verwaltung GmbH,,404.0,Not Found
434,4,Rene Rößler Immobilienbüro Rößler Immobilien,,404.0,Not Found
435,5,RÜ325 Essen GmbH,,404.0,Not Found
436,6,Schiborr Liegenschaftsverwaltung GmbH,,404.0,Not Found
437,7,TCB Grundstücks GmbH & Co. KG,,404.0,Not Found
438,8,Werner Kursawe Immobilienvermittlung,,404.0,Not Found
439,9,Bau+Stein Essen GmbH,,404.0,Not Found
440,0,BCB-GmbH & Co. Finanz-Service KG,,404.0,Not Found
441,1,Brigitte Knoop GMK Gebäudemanagement Knoop Hausverwaltung,,404.0,Not Found
442,2,City Prestige GmbH,,404.0,Not Found
443,3,DOMICILIUM Lingen GmbH,,404.0,Not Found
444,4,Dr. Jänsch Grundstücksgesellschaft GmbH,,404.0,Not Found
445,5,essener immobilienmanufaktur GmbH,,404.0,Not Found
446,6,Gertrud Höhfeld Hausverwaltung Höhfeld,,404.0,Not Found
447,7,Grundstücksgesellschaft Huyssenallee 58-62/66-68 GmbH & Co. KG,,404.0,Not Found
448,8,Immo-Brillanz Immobilien-Management GmbH,,404.0,Not Found
449,9,ITG Holding GmbH,,404.0,Not Found
450,0,kobix IMMOBILIEN FONDS I GmbH & Co. KG,,404.0,Not Found
451,1,Remigios GmbH & Co. KG,,404.0,Not Found
452,2,Roland Titz Vermietungen,,404.0,Not Found
453,3,Schloss Oefte Grundstücks-GmbH & Co. KG,,404.0,Not Found
454,4,Stein Immobilien GmbH & Co. KG,,404.0,Not Found
455,5,Wohnen am Hedtberg GmbH & Co. KG,,404.0,Not Found
456,6,E-Punkt Immobilien GmbH Immobilienfachwirt Robert Kranich,http://www.epunktimmobilien.com,200.0,OK
457,7,Air Conditioning & Anlagenservice Athoka,http://www.athoka.de,200.0,OK
458,8,Gebäudedienste Lehmans Meisterbetrieb,http://www.lehmans.de,200.0,OK
459,9,DEVK Versicherungen Volker Wehmeier Versicherungsagentur,http://www.devk-wehmeier-betten.de,200.0,OK
460,0,"Ternai Sandra Rechtsanwältin und Notarin, FA'in für Familien-, Erb-, Miet- u. Wohnungseigentumsrecht",https://www.ternai.de,200.0,OK
461,1,Pedd GbR Wohnungsverwaltung,http://www.peddgbr.de,200.0,OK
462,2,Fliesenverlegung Tracz,http://www.tracz-haus.de,200.0,OK
463,3,Wohnungsrenovierung Tracz,http://www.tracz-haus.de,200.0,OK
464,4,Berchem S. Dipl.-Ing. Dipl.-Des.,http://www.sberchem-sv.de,200.0,OK
465,5,Innenausbau Tracz,http://www.tracz-haus.de,200.0,OK
466,6,Stratmann GmbH Die Badgestalter Wasser + Wärme,https://www.stratmann-essen-dbg.de,200.0,OK
467,7,NWG - Feuerschutz Michael Gayck,http://www.nwg-feuerschutz.de,200.0,OK
468,8,"A. Bernd Fronda Kälte-, Klima-, Schankanlagen und Großküchentechnik",http://www.fronda.de,200.0,OK
469,9,Haus & Grund Essen GmbH,https://www.hug-essen.de,200.0,OK
470,0,GROBA,http://www.groba-online.de,200.0,OK
471,1,Architektur Grotegut Claudia,https://www.claudia-grotegut.de,200.0,OK
472,2,Bedachung und Hausmeisterservice Herbert Schulz GmbH,http://www.hausmeisterservice-schulz.de/hausmeisterservice.html,200.0,OK
473,3,Klüppel Immobilien GmbH,http://www.klueppel-immobilien.de,200.0,OK
474,4,Herbert Schulz GmbH,http://www.dachdeckerbetriebschulz.de/,200.0,OK
475,5,Gebäudedienste Lehmans Meisterbetrieb,http://www.lehmans.de,200.0,OK
476,6,Arista Maler und Bautenschutz GmbH,http://www.aristabau.de,200.0,OK
477,7,Abschluss Abgaben Anja Roth,http://www.stb-anja-roth.de,200.0,OK
478,8,Bauwerterhaltung Büser Sachverständiger für Feuchte- und Schimmelschäden,http://www.bauwert-essen.de,200.0,OK
479,9,WET GmbH,https://wet-bautrocknung.de,200.0,OK
480,0,"Abdichtungen, Balkonsanierung, Dachgauben, Dachbegrünung Seibel",https://www.seibel-essen.de,200.0,OK
481,1,Dachdeckermeister Schreckenberg GmbH,http://www.dachdecker-schreckenberg.de,200.0,OK
482,2,Air Conditioning & Anlagenservice Athoka,http://www.athoka.de,200.0,OK
483,3,"Abbau, Abdichtung, Bedachungen Heuken Gert",http://www.gert-heuken.de,200.0,OK
484,4,Anwaltsbüro Fredebeul & Partner,https://www.rae-fredebeul.de/,200.0,OK
485,5,"Arbeiten in eigener Werkstatt Behrens, Christoph - Raumausstattung Kaldemorgen",http://www.raumausstattung-kaldemorgen.de,200.0,OK
486,6,"Ausstellung, Beratung und Verlegung Kappel",http://www.parkett-kappel.de,200.0,OK
487,7,Fredebeul & Partner,https://www.rae-fredebeul.de/,200.0,OK
488,8,Gebäudereinigung Ruschen,http://www.fassadenreinigung-krefeld.de,200.0,OK
489,9,Wiegand Biosan GmbH,http://www.wiegand-biosan.de,200.0,OK
490,0,Abdeckung Abdichtung Bedachung Hetfeld Andreas,https://www.dachdeckerei-hetfeld-essen.de/,200.0,OK
491,1,Garten- u. Landschaftsbau Tracz,http://www.tracz-haus.de,200.0,OK
492,2,Malerarbeiten Tracz,http://www.tracz-haus.de,200.0,OK
493,3,Wohnungsrenovierung Tracz,http://www.tracz-haus.de,200.0,OK
494,4,Abfluss-Absaugdienst Knezevic GmbH,http://www.knezevic-gmbh.de,200.0,OK
495,5,Reuter Dirk,,404.0,Not Found
496,6,f.s.g.,http://www.fsg-planwerk.de/,200.0,OK
497,7,Wirtz Ralf Dipl.-Ing. Öffentlich bestellter Vermessungsingenieur,http://www.vermessung-wirtz.de,200.0,OK
498,8,Arbeitsbühenvermietung und Baumfällungen Herbert Schulz GmbH,https://www.dachdecker-schulz-essen.de/,200.0,OK
499,9,Fensterservice Schick,http://www.fenster-service-schick.de,200.0,OK
500,0,Nising Immobilien GmbH & Hausverwatlung,,404.0,Not Found
501,1,Aachener Siedlungs- und Wohnungsgesellschaft mbH,http://www.aachener-swg.de,200.0,OK
502,2,Berchem S. Dipl.-Ing. Dipl.-Des.,http://www.sberchem-sv.de,200.0,OK
503,3,"Ternai Sandra Rechtsanwältin und Notarin, FA'in für Familien-, Erb-, Miet- u. Wohnungseigentumsrecht",https://www.ternai.de,200.0,OK
504,4,Creative Raumausstattung Service Point - Einrichtungsberatung Mobiler Service,http://www.servicepoint-gardy.de,200.0,OK
505,5,Aufzugdienst Norbert Rösner e. K.,https://www.nr-aufzugdienst.de,200.0,OK
506,6,Arnscheidt Ralf Dipl.-Ing. Öffentlich bestellter Vermessungsingenieur,https://www.arnscheidt.de,200.0,OK
507,7,Reinhold Hebbelmann Hausverwaltung e. K.,https://www.hebbelmann.de/,200.0,OK
508,8,Alarmanlagen GAWA,http://www.gawa-sicherheitstechnik.de,200.0,OK
509,9,Bedachungstechnik Hovestadt GmbH,http://www.hovestadt-essen.de,200.0,OK
510,0,Akustik-Innenausbau G. Büschken GmbH,http://www.bueschken-gmbh.de,200.0,OK
511,1,GUSTAVUS Steuerberatungsgesellschaft mbH,https://gustavus.de,200.0,OK
512,2,Ingo Völker GmbH,,404.0,Not Found
513,3,Krause & Würzinger GmbH,http://www.krause-wuerzinger.de,200.0,OK
514,4,Schlegel Bauträger GmbH,http://www.schlegel-bautraeger.de,200.0,OK
515,5,Doris Piplack - Sachverständige für Immobilienbewertung (IHK),http://www.sv-piplack.de,200.0,OK
516,6,GENO BANK ESSEN eG,http://www.genobank.de,200.0,OK
517,7,Haus & Grund,https://www.hug-essen.de,200.0,OK
518,8,Dipl.-Sachverständige (DIA) Petra Leiler,http://www.zuhause-in-essen.ruhr,200.0,OK
519,9,Böhl Architekturbüro,http://www.böhl-architektur.de,200.0,OK
520,0,Schnecke Silvia Immobilien,http://www.immobilien-schnecke.de,200.0,OK
521,1,Kreuzenbeck Liane Haus- Wohnungs- u. Vermögensverwaltung,https://www.hwv-kreuzenbeck.de/,200.0,OK
522,2,Architekturbüro Pedd Hans-Joachim,http://www.peddgbr.de/,200.0,OK
523,3,Stubba Immobilien Verwaltungs GmbH,http://www.stubba.de,200.0,OK
524,4,Klüppel C. Jens/ Immobilien Haus u. Grundstücksverwaltung Jurist,http://www.klueppel-immobilien.de,200.0,OK
525,5,MIG Immobilien - Kirsten Migge,http://www.mig-nrw.de,200.0,OK
526,6,Frühoff & Partner Grundstücksverwaltungs- und Immobilien GmbH,https://www.zuhause-in-essen.ruhr/,200.0,OK
527,7,VON POLL IMMOBILIEN Essen,https://www.von-poll.com/de/location/essen?utm_source=ExtNet&utm_medium=extNET,200.0,OK
528,8,Covivio Immobilien GmbH,http://www.covivio.immo,200.0,OK
529,9,Budde Norbert Immobilien und Hausverwaltung,http://www.norbert-budde-immobilien.de,200.0,OK
530,0,Advokat Immobilien Management GmbH Hausverwaltung,http://www.aim-essen.de,404.0,Not Found
531,1,Bauer Claus Immobilien und Verwaltung,,404.0,Not Found
532,2,"HEMA GmbH Gesellschaft für Finanzierungen, Immobilien und Hausverwaltung mbH",http://www.hema-hausverwaltung.de,200.0,OK
533,3,Covivio Immobilien GmbH,http://www.covivio.immo,200.0,OK
534,4,Peveling-Schlüter B. Dipl.-Ing. Hausverwaltung,http://www.immobilienmanagement.ruhr,200.0,OK
535,5,Buchholz Rolf-Peter Hausverwaltung u. Immobilien,,404.0,Not Found
536,6,Kessler Roger Immobilien u. Versicherungsmakler Maklerbüro für Immobilien,http://www.vnb-gmbh.de,404.0,Not Found
537,7,Hebbelmann Reinhold Hausverwaltung RDM,https://www.hebbelmann.de/,200.0,OK
538,8,Trinkaus Europa Immobilien- Fonds Nr. 11 Dortmund-Essen KG,,404.0,Not Found
539,9,Winterstein Lutz,http://www.foto-winterstein.de,200.0,OK
540,0,Immobilien Service Deutschland GmbH & Co. KG Hausmeisterservice,http://www.im-service.com,200.0,OK
541,1,Schmidt Norbert Rechtsanwalt Notar Schwerpunkt Baurecht Immobilien Wettbew.,http://www.anwaelteundnotare.de/team/norbert-schmidt.html,404.0,OK
542,2,Hausverwaltung Geelen GmbH Hausverwaltung,http://www.hv-geelen.de,200.0,OK
543,3,Glas- & Gebäudereinigung Küch,http://www.gebaeudereinigung-kuech.de/,404.0,Not Found
544,4,Sieweke-Friederici Wirtschaftsprüfung- Steuerberatung,http://www.s-f-essen.de,200.0,OK
545,5,Fritz Alexander Malerwerkstätte,https://www.malerwerkstatt-fritz.de,200.0,OK
546,6,Csh Hausverwaltung Gbr,http://www.csh-hausverwaltung.de,200.0,OK
547,7,VNB GmbH Versicherungsmaklerbüro,http://www.vnb-gmbh.de,404.0,Not Found
548,8,VNB GmbH Versicherungsmakler - Roger Kessler,http://www.vnb-gmbh.de,404.0,Not Found
549,9,Burg-Haus Bauträger GmbH Hausverwaltung,http://www.burg-haus.de,200.0,OK
550,0,Schilp Heribert Hausverwaltung,,404.0,Not Found
551,1,Allfinanz DVAG Sebastian Neusser Regionaldirektor,https://www.allfinanz.ag/,200.0,OK
552,2,Burg-Haus Bauträger GmbH,http://www.burg-haus.de,200.0,OK
553,3,Essener Technologie- und Entwicklungs-Centrum GmbH (ETEC),http://www.etec.de,200.0,OK
554,4,ETEC Essener Technologie- u. Entwicklungs Centrum GmbH,http://www.etec.de,200.0,OK
555,5,Heitmann-Hausverwaltung,http://www.heitmann-hausverwaltung.de,200.0,OK
556,6,Humburg Mareile Dipl.- Ing. Arch. Hausverwaltung,http://www.hausverwaltung-humburg.de,200.0,OK
557,7,Immobilienpartner Vermittlungs- u. Verwaltungs GmbH,http://www.ipvv.de,200.0,OK
558,8,Kinast Webdesign,http://www.kinast.de,200.0,OK
559,9,Oehler Immobilienservice und Hausverwaltung,http://immobilien-hausverwaltung.com,200.0,OK
560,0,R. L. Polk Germany GmbH Marktforschung,http://eu.polk.com,200.0,OK
561,1,R & R Gebäudeverwaltung GmbH & Co. Girardetstraße KG,http://www.dasgirardethaus.de,200.0,OK
562,2,smply.gd GmbH,http://www.smply.gd,200.0,OK
563,3,WSG Wohnbau Service GmbH,http://www.wohnbau-eg-essen.de/,200.0,OK
564,4,WSG Wohnbau Service GmbH,http://www.wohnbau-eg-essen.de/,200.0,OK
565,5,Assindia Grundstücksverwaltung GmbH,http://www.agv-essen.com,200.0,OK
566,6,Brischen Eva-Maria Hausverwaltung,http://www.brischen.com,200.0,OK
567,7,EST Gesellschaft für Energiesystemtechnik mbH,http://www.est-essen.de,200.0,OK
568,8,Fieback Gerd Hausverwaltung,http://www.fieback.de,200.0,OK
569,9,G & V Grundstücks- Verwertungs u. Verwaltung-GmbH Studentenwohnanlage,http://www.immobilienverwaltungdortmund.de,200.0,OK
570,0,Geo Hausverwaltung GmbH,http://www.geo-essen.de,200.0,OK
571,1,Hausverwaltung Rhein-Ruhr GmbH,http://www.hausverwaltung-rhein-ruhr.de,200.0,OK
572,2,Hausverwaltung Schultheis Hausverwaltung,http://www.immobilien-schultheis.de,200.0,OK
573,3,Heidelauf Christian M. Hausverwaltung,http://www.heidelauf.com,200.0,OK
574,4,Humburg Mareile Dipl.-Ing. Hausverwaltung,http://www.hausverwaltung-humburg.de,200.0,OK
575,5,IMR-Gruppe,http://www.imr-essen.de,200.0,OK
576,6,Kaiser Hausverwaltung,http://www.soul-first.de,200.0,OK
577,7,L.W.B. Grundstücksverwaltungs-Gesellschaft mbH,http://www.lwb.de,200.0,OK
578,8,MEDIVESTA Concept GmbH,http://www.medivesta.de,200.0,OK
579,9,MÜGA Service Haus & Grundbesitzverwaltung Thomas Gabrys GmbH Hausverwaltung,http://www.muega-service.de,200.0,OK
580,0,ORGA-PLAN-A GmbH Hausverwaltung,http://www.orgaplana.de,200.0,OK
581,1,Rautenberg GmbH Hausverwaltungen,http://www.h-rautenberg.de,200.0,OK
582,2,Schürmann Michael Dipl.-Ing.,http://www.pig-management.de,200.0,OK
583,3,Schürmann Michael Hausverwaltung,http://www.pig-management.de,200.0,OK
584,4,Tirier Gerda Immobilienverwaltung,http://www.immobilien-tirier.de,200.0,OK
585,5,Vossieg Manfred Makler,http://www.vossieg.de,200.0,OK
586,6,Wabnitz Willi Hausverwaltung,http://www.wabnitz-hausverwaltung.de,404.0,Not Found
587,7,Walter Krell Grundstücksverwaltung GmbH,http://www.krell.de,403.0,OK
588,8,Werner Gerlich Dienstleistungs- u. Verwaltungs GmbH,http://www.om-gerlich.de,200.0,OK
589,9,CS Immobilienverwaltung Cornelia Sperlich,,404.0,Not Found
590,0,CS Immobilienverwaltung Cornelia Sperlich,,404.0,Not Found
591,1,Denker Immobilienverwaltung GmbH,,404.0,Not Found
592,2,Dietz und Schader Hausverwaltung GmbH NL West,,404.0,Not Found
593,3,Domizil Hausverwaltung GmbH,,404.0,Not Found
594,4,Eigentümergemeinschaft Hörsterfeld Hauswartbüro,,404.0,Not Found
595,5,GBL Liegenschaften GmbH & Co. KG,,404.0,Not Found
596,6,Georg Simon Grundbesitzverwaltung KG,,404.0,Not Found
597,7,Heer & Heer GbR Hausverwaltung,,404.0,Not Found
598,8,Heitmann Hausverwaltung,,404.0,Not Found
599,9,Heko Hausverwaltung,,404.0,Not Found
600,0,IBV Voerde GmbH,,404.0,Not Found
601,1,Karl-Heinz Junge GmbH,,404.0,Not Found
602,2,Kiwan Anis Hausverwaltung Hausmeisterservice,,404.0,Not Found
603,3,Kölnische Haus- und Grundstücksverwaltung Dr. Koerfer GmbH & Co. KG Rohde Hausmeister,,404.0,Not Found
604,4,Korste Ludger NHGV Hausverwaltung,,404.0,Not Found
605,5,Lüken Hermann G. Hausverwaltung,,404.0,Not Found
606,6,Niemeyer Grundstücksverwaltung,,404.0,Not Found
607,7,Sang Immobilienverwaltung,,404.0,Not Found
608,8,Swatek Hannelore Hausverwaltung,,404.0,Not Found
609,9,Weidenbach Bernd Hausverwaltung,,404.0,Not Found
610,0,Weidenbach Bernd Hausverwaltung,,404.0,Not Found
611,1,Wendelin Grundstücks und Hausverwaltung KG,,404.0,Not Found
612,2,Continentale Landesdirektion Arnd Kissing GmbH,http://www.kissingxxx.de,404.0,Not Found
613,3,acasa GmbH,http://www.acasa-essen.de,200.0,OK
614,4,Anaxa Wohnen GmbH,https://www.anaxa-wohnen.de,403.0,OK
615,5,E.F.M. Gesellschaft für Facility-Management mbH,http://www.efm-online.de,503.0,OK
616,6,"Küper Ingo, Hausverwaltung",http://www.hausverwaltung-kueper.de,200.0,OK
617,7,Schlarb Michael Dipl.-Ing. Sachverständigenbüro,http://www.wertermittlung-schlarb.de,200.0,OK
618,8,AXA Versicherungsbüro Thomas Schmidtke,https://www.axa-betreuer.de/Thomas_Schmidtke,200.0,OK
